Name of the Student,Regsiter Number,Applied,Assessment,Technical Interview,Selected
A ANTO KELVIN PRABHU,2448501,0,0,,
AASHNA ARORA,2448502,0,0,,
ABHIJITH E,2448503,0,0,,
ABHINANDAN KARANTH K U,2447101,1,1,1,
ABHINAV SREEKUMAR,2447102,0,0,,
ABHISHEK PANDEY,2447201,1,1,1,
ABHISHEK ROY,2447202,1,1,0,
ADITI KARAJAGI,2448504,0,0,,
ADITYA GUJAR,2448505,0,0,,
AGNO C BENNY,2447203,0,0,,
AJIL A VARGHESE,2447204,1,1,1,
AJIN GEORGE BINU,2447103,1,1,1,
AKHIL KUMAR GOPE,2447104,1,1,0,
ALAN JOSEPH ABRAHAM,2447105,1,1,0,
ALBY SHAJAN,2447205,0,0,,
ALEENA EALIAS,2448506,1,1,0,
ALEX KHUNDONGBAM,2448507,1,1,1,1
ALWIN JAISON,2447107,1,1,1,
AMAL JYOTHI S,2447206,1,1,0,
ANDREW BIJU NINAN,2447108,0,0,,
ANINA ABRAHAM,2447109,0,0,,
ANIRBAN BANERJEE,2447207,1,1,0,
ANIRUDDHA G K,2447110,1,1,0,
ANJALI KRISHNA,2447208,0,0,,
ANJANEY MITRA,2447209,0,0,,
ANMOL RATAN,2447210,0,0,,
ANN MARIYA ST,2448508,0,0,,
ANOSH SIBI,2447211,1,1,0,
ANSON THOMAS,2447111,1,1,0,
ANUPAMA CHAKRABORTY,2447212,1,1,0,
ANUPRIYA,2447213,1,1,0,
ANWIN K BIJU,2447112,0,0,,
ARUN M P,2447214,0,0,,
ASHISH ASHOK KHETAL,2447215,0,0,,
ASHWIN RAJAN,2448509,0,0,,
ATHIRA C M,2447113,0,0,,
AUTADE DHIRAJ LAXMAN,2447216,1,1,0,
AYUR DEKATE,2447114,0,0,,
BAVIRISETTY SAIRAM,2447115,0,0,,
BHARAT HARSHAN,2447217,1,1,0,
BOMBLE SHIVAM VIJAY,2448510,0,0,,
CHLOY COSTA,2447116,1,1,1,
CHRISMA SERRAO,2448511,0,0,,
CHUNAWALA MOHSIN MOHAMMED,2447218,0,0,,
DABHI GABRIEL ANTHONY,2448512,0,0,,
DARSHAN AGRAWAL,2447161,1,1,0,
DAVE VANLALCHHUANGA SHARMA,2447219,1,1,0,
DEBIN ROBERT,2447117,1,1,1,
DESHMUKH PRATIK BHUSHANRAO,2448513,1,1,0,
DHANUSH ADITHIYA K B,2448514,0,0,,
DHWANI DHINGRA,2448515,0,0,,
EILEEN MARIA TOM,2447118,1,1,0,
GAMYA K,2448516,0,0,,
GAVIN GEORGE PAYANKAN,2447119,1,1,0,
GEBIN GEORGE,2447220,0,0,,
GLORY REJI,2447120,1,1,0,
GOKUL S UNNIKRISHNAN,2447121,1,1,0,
JAIBY MARIYA JOSEPH,2447221,0,0,,
JERIN K JOSEPH,2447222,1,1,0,
JESSICA SARAH MATHEW,2448517,1,1,0,
JESVIN K JUSTIN,2448518,0,0,,
JESWIN JOISON,2448519,0,0,,
JETHRO JARVIS ROY JYRWA,2447122,0,0,,
JEWEL JOSHY,2448520,0,0,,
JISHNU PLAVINCHOTTIL JAYARAJ,2447123,0,0,,
JITHU VARGHESE JACOB,2447124,1,1,1,
JOEL ABHISHEK,2447223,1,1,0,
JOEL JOHN,2447224,0,0,,
JOEL JOSEPH MOTHA,2448521,0,0,,
JOSAIAH MURFEAL DKHAR,2447125,0,0,,
JULIA OOMMEN,2448522,0,0,,
KAILAS NATH S,2447225,1,1,0,
KARAN AGARWAL,2447226,0,0,,
KAUSHIK GANDHI A,2448523,0,0,,
KAVYA PODDAR,2447126,0,0,,
KEVIN ROY,2447127,0,0,,
KEZYA STEFFYN S,2448524,0,0,,
KIRAN S MATHEW,2447227,0,0,,
KISHAN KUMAR,2447228,0,0,,
KOLI ASHVITA ASHOK,2447229,1,1,0,
KRISHNA CHANDRA T,2447230,0,0,,
KURRA ABHIMANYU YADAV,2448525,0,0,,
KURUVILLA GEORGE,2447232,1,1,1,
KUSUMA H K,2447128,1,1,1,
LANDA SRINIJA,2448526,1,1,0,
LOBO ELVIS ELIAS,2447129,1,1,0,
MAANSI C,2448527,0,0,,
MAHALAKSHMI C,2447233,0,0,,
MALAVIKA MANOJ,2447234,1,1,0,
MANSI YADAV,2448528,0,0,,
MARIA BOBY,2447130,1,1,0,
MARIA JAMES,2448529,0,0,,
MARIAM SARA SHIJI,2447235,0,0,,
MARITA,2447131,0,0,,
MATHEW SAJI,2447132,1,1,0,
MEGHA ULLAS,2448530,0,0,,
MEHAKK LUNKAR,2448531,0,0,,
MOHAMMAD SHAHID RAZA,2447134,0,0,,
MOHAMMAD YASEEN AHMAD,2447236,1,1,0,
MULCHANDANI ISHA NIRAJ,2447237,0,0,,
NAMAN SETHIA,2447238,1,1,1,
NANDANA BIJU,2448533,0,0,,
NIGAZHVAN G,2448534,0,0,,
NIMMALA MANASA,2448535,0,0,,
NITISH CHURIWALA,2447261,0,0,,
PARGAONKAR SHASHI SHIRISH,2447135,0,0,,
PARICHOY NANDI,2447136,0,0,,
PHILIP MATHEW,2448536,0,0,,
PRANAB RAI,2447137,0,0,,
PRASHANTH SINGH,2447239,0,0,,
PRATHAM JAIN,2448537,1,1,0,
PRATHIKSHA D,2447138,1,1,1,
PRATIKSHA P NAIK,2448538,0,0,,
PRIYADARSHNI SUNDARAM,2448539,0,0,,
PUSHPENDRA SINGH,2447240,1,1,0,
R JAWAHAR,2448540,1,1,1,
R SHARANYA,2447241,0,0,,
RAHUL KUMAR,2447139,1,1,1,
RAKSHIT SRIVASTAVA,2447140,1,1,1,
RASHMITHA SEVI P,2447242,1,1,0,
RITAM MAITY,2447141,1,1,0,
RIYA JOJI,2448541,0,0,,
RIYA SEN,2447142,1,1,0,
ROBIN RAJESH,2448542,0,0,,
ROHAN CHERIAN JACOB,2447243,0,0,,
ROHAN GAUTAM,2447244,1,1,0,
ROMIT M SHAH,2447143,1,1,0,
S B ANUSHA,2447144,0,0,,
S MARIA ALICE KANCHAN,2447145,0,0,,
SAAKSHI JAISWAL,2448543,0,0,,
SAGAR SHARMA,2447245,0,0,,
SAMDENNIS M,2448544,1,1,1,
SAMUEL ALEX KOSHY,2447146,0,0,,
SAMYUKTAA S,2448545,0,0,,
SANCTIS DANIEL GILBERT,2448546,0,0,,
SANDRA BENNY,2447147,1,1,1,
SANITH J. VICHATTU,2447148,0,0,,
SAUMYA DWIVEDI,2447149,1,1,1,1
SHAKTHIVEL G S,2447150,1,1,1,
SHANTANU DAS,2447151,0,0,,
SHISHIR SHIVARAM SALIAN,2448547,0,0,,
SHIVANGI AGARWAL,2447246,0,0,,
SHOBHA MARY VARGHESE,2447247,0,0,,
SHOUN CHACKO SALAJI,2447248,0,0,,
SHREEGANESH KESHRIMAL PUROHIT,2447152,1,1,0,
SHREY JAIN,2447249,1,1,0,
SIDDHANT DEORA,2447250,0,0,,
SIVESH P B,2448549,1,1,1,
SIYONA SNOTRA,2447153,0,0,,
SNEHA M,2447154,0,0,,
SNEHIL,2447251,1,1,0,
SOUJANYA M BHAT,2448550,0,0,,
SUJAY SHARMA,2447155,1,1,0,
SULEKHA K R,2448551,0,0,,
SUMITH MEENA S,2447252,0,0,,
SYED MOHAMMED LUQMAAN,2448552,0,0,,
TEJAS C,2448553,0,0,,
TOJIN VARKEY SIMSON,2447253,1,1,0,
TRINY CHRISTOPHER,2447254,0,0,,
TUSHAR GHOSH,2447255,0,0,,
TUSHAR MAHAJAN,2447156,0,0,,
VAIBHAV TOMAR,2447157,1,1,1,1
VAIDEHI SINGH,2448554,0,0,,
VAISHNAVI N,2447256,1,1,0,
VAISHNAVI V K,2447257,1,1,0,
VARUN CHANNAMALLIKARJUN ARABALLI,2448555,0,0,,
VATSAVAI BHARGAVA SAI RAGHAVENDRA VARMA,2448556,0,0,,
VIDYA SHREE B V,2447258,1,1,1,1
VISHAL S,2447259,1,1,0,
VISMAYA V,2447158,0,0,,
VIVEK GEORGE STEPHEN,2448557,0,0,,
VIVEK S,2447159,0,0,,
VYSHNAVI KATHRINE SEBASTIAN,2448558,0,0,,
YASH SHARMA,2447160,1,1,0,
YESWANTH S,2448559,0,0,,
YOJIT SHINDE,2447260,0,0,,